X	Y	Z
-3.983367	-6.991335	1.9935887
2.4185255	-1.4829832	-8.479468
2.961869	-1.2709191	-8.282016
2.3639007	-1.0593126	-8.616866
-4.215435	-12.199758	-1.9605436
-3.9831166	-6.9911194	1.99335
-4.7273088	-5.7820425	0.592003
-10.165074	-1.7685475	-6.2042675
-3.614074	-11.509346	-1.1194527
-10.909147	-2.6720371	-3.9812856
2.22067	-15.99436	4.4147587
7.721361	0.120796785	8.033702
-4.314967	-7.4336486	-2.1104832
-10.504826	-2.592734	-7.0283146
7.7198377	0.14223796	8.026532
-4.2977543	-7.0892	2.2429063
-4.261016	-7.3707376	-2.109212
-4.244916	-7.4985485	-2.3156362
-4.104684	-7.5427523	-2.1109297
-9.941848	-1.6073433	-6.3537235
-4.012109	-7.587422	-2.1907523
-4.028313	-7.6195984	-2.2259045
-4.3573728	-6.424828	1.3831142
-10.140415	-1.8012927	-6.2390575
-4.7739477	-5.695858	0.51320976
10.387775	3.9276454	6.0629807
-3.8876772	-7.2889795	2.3002605
0.8486575	-16.548548	3.1672242
-4.3909535	-6.836509	-1.8811796
-3.8876557	-7.289025	2.300289
-14.726469	-3.7721107	-3.954904
-2.5696788	-14.406122	-0.29008198
15.195418	-9.057561	-7.1230664
-10.132407	-1.9882007	-5.9570923
-0.8830583	-16.078035	1.3904421
-0.8860245	-16.07929	1.393335
-0.88374066	-16.074224	1.3925757
-10.866865	-2.3809175	-4.303998
-10.368078	-1.5063211	-6.367372
-10.122492	-1.9994868	-5.9598465
-3.946272	-7.059664	2.0556252
-13.909307	-3.4194627	-3.915912
0.85015494	-16.548454	3.1661973
-14.39262	-2.1666408	-5.0605783
-6.291268	2.7770073	11.328757
-9.902909	-1.6803113	-6.3426147
-0.88151395	-16.094398	1.3851757
1.5128359	-16.469421	4.2541203
-10.18866	-1.6688688	-6.3221035
2.1592302	-15.9454775	4.5613203
-3.6235394	-11.512186	-1.123042
-4.325224	-6.5791397	1.6176425
-14.391159	-2.172385	-5.0553994
-4.294739	-7.0879235	2.240181
-4.3252397	-6.579093	1.6176668
-14.455839	-2.8779025	-4.448648
1.4525065	11.158138	-12.625399
14.339754	-3.6978304	-4.6243496
-6.725157	2.8545413	11.454825
-4.294739	-7.0879235	2.240181
-3.887708	-7.2890015	2.300296
0.85147583	-16.549667	3.165095
-0.41763678	-16.26442	1.8390396
-10.17215	-1.8850362	-6.0958424
-9.75815	-1.4833164	-6.576994
-10.44297	-2.1033902	-5.4554696
-3.982985	-6.9911246	1.9932996
-3.527812	-11.661713	-1.0883067
0.6740924	13.901521	-3.7399027
-14.717817	-2.2416124	-4.915435
-3.3450942	-10.432702	-1.6379604
-4.06639	-8.8026905	-2.0057092
-3.4259312	-12.174982	-0.86014044
-4.493171	1.4687119	9.544815
-1.1169977	8.480022	4.636583
-4.0541244	-8.825596	-2.031799
-3.4816294	-12.199968	-0.8389976
-4.0496345	-8.81808	-2.0235307
-1.5172235	7.800653	5.5571322
-1.5168111	7.8009076	5.557175
1.2559717	-16.784582	3.8746705
-1.4643154	7.8874965	5.4331207
-4.114791	-12.5182905	-1.756896
-2.1934373	-15.124498	0.24236989
1.167901	10.075189	-13.081197
-1.4922299	7.841478	5.498178
-1.461453	7.8923826	5.4261775
-1.4961947	7.8348875	5.5077677
-1.4760739	7.8680906	5.460336
-3.3278744	-8.690001	-3.0593476
0.8779905	9.769226	-13.558303
3.1411421	-2.2912085	-6.10146
2.9145632	-2.551888	-5.502763
-3.8658626	-1.3380766	11.598028
3.397615	-2.6517873	-5.463843
2.6281	0.015869994	-10.044737
-0.92931	8.801889	4.2058554
-0.6289046	9.327647	3.5038965
10.44968	3.9628491	5.971736
12.282777	4.47935	2.8619182
-10.899134	-2.3738744	-4.1641016
-4.04533	-8.821774	-2.0352674
-3.4617517	-12.193821	-0.83128726
-5.3471866	2.6116762	11.027299
-1.7052295	2.3485706	10.272554
-5.3575616	2.6135924	11.031231
-3.9812407	-6.9906178	1.9928291
-4.042868	-8.816552	-2.0284524
-3.4659543	-12.197141	-0.8335536
3.496427	-2.5769825	-5.324909
-10.749917	-1.4185776	-5.660963
3.2644455	-2.7788842	-5.336674
3.9449835	-2.7203503	-0.21470895
3.9450488	-2.7201436	-0.21482925
7.9839115	0.9160491	8.0089
1.0836565	11.254173	-0.36450112
3.2182825	-1.42866	-8.890669
2.1649318	-1.8462703	-9.502374
3.084989	-1.25531	-8.44894
-3.5281162	-8.568864	-3.0595453
-14.410168	-2.1431694	-5.0598454
2.3116112	-1.2558763	-8.719568
0.17174232	10.586572	1.3624713
3.0438218	-0.9657425	-8.922204
-1.5342683	7.772465	5.5987153
2.4022887	-1.1401944	-8.964411
-15.235329	-2.2176197	-3.4509876
2.6952593	-1.5295483	-9.218576
-16.837383	-4.0000014	-3.7400727
3.3138032	-2.1406903	-5.46478
2.7417333	-1.7733325	-8.678986
0.6013893	11.146767	0.14980637
2.6349714	-1.6239759	-8.415
-2.0125394	6.846196	6.89447
-0.9117698	8.832367	4.16593
-0.010681297	10.3663225	1.9293916
2.037522	-2.069731	-9.657677
6.896666	-1.3799393	8.053347
6.2000785	-1.3949276	6.8154664
-2.5100396	-14.664049	-0.12307517
3.1931906	-2.128445	-5.5573063
6.1954713	-1.9236475	7.648053
6.040735	-1.8865311	7.6621146
-10.468225	1.8038293	-4.0708284
6.753125	-1.4495658	6.815113
6.6837277	-0.64656496	7.3467464
6.795018	-2.141516	7.4882345
7.0313587	-0.9769895	7.582337
-4.9422975	2.5692103	7.4229317
6.931896	-1.4693842	7.1747284
-2.8402267	-14.745063	0.016596058
3.0594726	-2.1752377	-6.1976156
6.7586803	-0.7355621	7.6528473
-3.3237822	-14.247296	-0.23302603
6.628842	-1.8777815	6.963814
7.0514255	-1.2937559	7.4114747
6.581712	-0.7328314	7.071475
6.305828	-2.2168598	7.389169
6.7224183	-0.7433687	7.0329895
6.6414146	-0.9622498	7.7740984
-2.5205657	-14.670466	-0.11864337
6.5113583	-1.3436968	6.673221
0.7221166	-16.60187	3.0328462
7.068511	-1.0847692	7.1418285
7.003624	-1.068526	7.0573854
6.8120327	-1.6155384	7.740721
6.595377	-1.8760489	7.7760153
6.478958	-1.2245867	6.728189
5.5359735	-1.1682059	7.5157456
5.937529	-1.1866361	7.0030193
5.778868	-1.3256205	7.1992736
5.772361	-1.0582176	7.2562737
5.7785535	-1.3259426	7.199539
3.3018565	-2.5372696	-5.7702203
2.4300005	2.4439282	-12.074834
6.307545	-1.4427482	7.901711
-3.3291218	-14.2484255	-0.2330209
1.6827391	10.60642	-13.030247
-3.7462385	-2.9952161	10.494226
7.933716	0.7917318	8.024604
-3.7749326	-2.2675195	10.96055
2.7583585	-0.6534336	-9.307197
2.4402058	-1.3892945	-9.140821
0.6070849	11.198467	0.061502818
2.8378556	-1.7422583	-8.594135
2.9878604	-0.8653883	-8.857269
-4.727286	-5.7808366	0.5927379
-4.038664	-12.7129545	-1.6252453
-3.9353569	-7.061497	2.0547023
-3.3621066	-1.9819586	10.66188
1.1689975	10.075559	-13.080253
-3.8119795	-9.425033	-2.021564
-0.18215646	10.024626	2.0760267
2.6301744	-0.97493696	-8.349891
2.5673478	-0.83530587	-8.5551
-4.442002	-6.311507	1.2773649
-4.38656	-1.6249207	10.197107
1.2522411	10.529835	-12.940443
-3.304237	-2.2157416	10.891665
1.8228989	6.387362	-14.155216
-4.553053	-10.020558	-2.807282
4.0515637	-2.6185117	-0.242986
3.955539	-2.7142406	-0.19205476
4.0873795	-2.6750813	0.7351787
-3.5610821	-2.8886106	9.975837
-1.6455638	2.4113941	10.212703
-1.4916037	2.7987132	9.940277
3.964184	-2.7217548	-0.07489643
10.845463	4.3534083	5.5220747
10.970756	4.164461	5.556994
-2.1980474	-15.078434	0.2158625
1.4777279	11.210401	-12.578478
1.7513708	-16.691776	4.113344
3.6037216	-2.7538419	-2.5136297
-3.8030179	-11.933721	-0.8251389
3.6056483	-2.7544334	-2.5009112
3.6073909	-2.7545528	-2.4926317
3.6101258	-2.7550895	-2.4716742
2.7781904	-1.1236365	-8.246966
3.6115446	-2.7553797	-2.4634774
-0.2607994	9.787547	2.6096377
-2.583329	-14.50123	-0.23130108
4.2935443	-2.5695624	2.1924734
4.2941604	-2.5694747	2.1925318
-4.5649567	-10.030365	-2.7873096
-3.8430696	-2.6347916	10.835763
-5.4488053	2.630241	11.06429
-3.6609402	-8.948353	-2.8273695
0.9459942	14.038737	-3.078404
-6.639197	2.837555	11.429467
10.750954	4.362468	5.4461627
10.642474	4.202481	5.2944994
-1.4456298	-16.052195	0.56226325
0.014050661	10.019254	2.144696
-3.8304644	-11.942227	-0.80223584
-6.538731	2.8204157	11.400101
1.7520946	-16.692226	4.1126056
10.617385	4.2854376	5.3860083
1.0603033	5.820127	-13.100876
2.8110178	-0.807809	-8.5723915
1.508118	11.247035	-12.545197
10.47974	4.137016	5.519616
10.833902	4.0484548	5.765718
-3.3082297	-2.9906008	10.455654
-1.7467792	7.4278035	6.1071415
-11.300339	9.690507	-4.514263
-4.314031	-9.746756	-2.4444635
2.929465	-1.8244706	-7.2386446
4.190374	-2.6217098	1.4776995
-2.23231	5.6999354	9.393346
3.2265332	-1.2744325	-8.740946
12.674218	4.3386993	2.2711244
4.1903467	-2.6217287	1.4777128
-1.3757436	3.2154098	9.658524
12.699681	4.349307	2.2684627
4.3459578	-2.556553	2.4123602
4.3406024	-2.5537884	2.4303155
4.288698	-2.567782	2.2040565
4.337506	-2.5525272	2.4370518
10.953105	4.1117425	5.5218787
1.8672191	6.0620894	-14.222465
2.6203716	-0.23748729	-9.866673
2.5971627	-0.27296102	-9.884288
-5.4483914	2.6302261	11.064108
10.946161	4.10774	5.5135446
1.5949088	6.2650704	-14.324753
1.5932299	6.2653484	-14.32653
10.819469	3.985099	5.4091163
-0.42321286	9.687811	3.0105724
12.524759	4.438026	2.117775
12.789653	4.4472203	2.1992807
12.5172	4.4446635	2.1451778
12.532788	4.4564962	2.1064568
-4.487368	-2.5973015	10.350049
-2.668671	6.201652	9.645913
-1.3867778	3.1543171	9.699962
-3.9958782	-2.6479192	9.920325
12.752857	4.5264244	2.1326616
-0.17806974	10.021662	2.0776036
12.89089	4.0251637	1.5335745
4.0682745	-2.682584	0.6007329
12.893123	4.017964	1.5270339
-4.2615514	-2.876017	10.096718
4.181371	-2.627423	1.3940175
-4.1299896	-9.079248	-2.4953935
-5.448391	2.6302404	11.064133
10.63839	4.2006474	5.2928495
4.037929	-2.6973953	0.39843306
-11.134858	6.886503	-4.541338
0.010835193	10.017664	2.1425087
-4.4820395	1.3550692	9.54357
12.75177	4.3650064	2.233822
12.722411	4.5346856	2.1177998
-2.8327608	6.3117423	9.625101
3.3867934	-2.6862426	-4.1035705
12.757135	4.375374	2.2318826
-4.6508527	-2.6886964	10.131664
9.588008	3.0869403	6.8531604
12.5409975	4.4738193	2.098266
-4.773312	-5.6934543	0.5148405
-4.5012274	1.4820895	9.555987
-4.363494	-2.720359	9.794872
12.892401	4.0117235	1.5160878
1.6615772	10.165567	-13.402313
-4.4192915	-7.3043704	-2.971521
2.177156	-16.102764	4.384214
-3.6781752	-11.472054	-1.24186
-3.7767434	5.3954496	8.852457
3.1573906	-2.103422	-5.404591
2.8821006	-2.5581903	-5.1572876
2.9053922	-2.3249817	-5.1450486
2.9364052	-2.3253229	-5.711903
-6.703099	2.8499234	11.44815
-14.69648	-3.4388475	6.021905
-13.2811165	-2.5030603	5.5611925
-10.963822	-1.4196057	-5.501249
-11.385465	-1.1049491	-4.954792
-14.674857	-4.600116	-3.6673076
-3.6353457	-3.297191	9.815055
-0.9138871	8.829644	4.169185
-14.588619	-2.540988	-4.709791
-4.5192127	-7.2131743	-3.5364766
12.955338	3.6991696	1.2279197
-10.204342	-2.2185318	-5.53376
-6.703038	2.8499138	11.448128
-6.7181115	2.8531182	11.452857
-0.19923224	-16.34925	2.0547597
-0.1983583	-16.349226	2.0537925
-6.725092	2.854532	11.4548025
-3.513405	-3.7671208	9.308257
-14.325204	-2.3910964	-4.870071
-10.92814	-2.5143988	-3.9943225
-10.232031	-2.320018	-5.385716
-10.66134	-1.6154745	-5.9761777
2.524393	1.4051151	-11.339065
14.33649	-3.865388	-4.6878915
-15.569049	-2.7963266	-4.672119
-17.123224	-4.4149942	-4.0839815
-10.976262	-2.7234309	-3.8555827
0.10895328	9.53563	-13.528104
-10.262098	-1.242003	-6.1524863
0.88705784	9.766937	-13.561436
9.94139	3.615549	6.341853
11.236877	4.333376	4.727938
9.631505	3.5957286	6.1214614
11.273912	4.3473883	4.658848
3.6824975	-2.7554152	-1.9976289
6.1996617	-1.0093086	7.6086273
-4.4377236	-7.7026396	-2.072972
-2.9222007	-8.552848	-3.6470344
-4.4183745	-7.838372	-2.09389
-4.3865495	-7.877018	-2.1420078
7.933553	0.7954283	8.024795
-4.303615	-7.910596	-2.055717
1.547205	-16.844276	3.6204648
-15.057009	-3.2625206	-4.384795
2.3025768	4.6974745	-12.179275
1.7962234	4.4846888	-12.678878
1.7441906	4.405963	-13.003556
-5.413333	2.6238627	11.052141
-10.770859	-1.8183247	-5.569806
-15.540707	-2.7507744	-4.7467113
7.933554	0.7953886	8.024792
-15.552416	-2.7418332	-4.724854
-4.3574615	-6.4246526	1.3828863
-3.8746984	-9.64217	-1.7751466
-14.795553	-4.622155	-3.6597912
-9.948281	-1.6679057	-6.320807
1.8041383	5.1190076	-12.633946
1.5982498	5.12039	-12.37156
1.9354459	4.5707273	-12.83421
1.9942225	5.2334104	-12.472177
6.2707887	-0.82469904	7.404472
1.4316573	-16.092344	3.834767
1.7889379	5.197423	-12.254743
1.5621911	5.0729165	-12.22528
1.6439525	4.885505	-12.782939
1.6222284	-16.134504	3.6563578
2.136894	5.239507	-12.102195
1.8243675	-16.300352	3.5479584
1.4444853	-16.088943	3.8197575
2.1398435	5.0951915	-12.052927
2.5012019	1.7854367	-11.663753
7.934075	0.80193955	8.024881
1.550828	4.828117	-12.587698
4.110964	-2.663878	0.8894807
2.9790156	5.282771	-11.786547
2.2648861	4.602911	-12.659556
2.3803604	4.9229383	-12.298536
2.5342047	4.850161	-12.49865
1.4451511	4.8174715	-13.0684595
0.415706	10.999624	0.5213639
2.4944148	1.802229	-11.657515
2.1908014	4.9338727	-12.612144
-10.712151	-1.870568	-5.713808
-3.415754	-3.7976248	9.266629
-3.6999664	-11.213096	-1.248256
-3.8210518	-12.480065	-1.2003535
-4.201035	-2.8638155	10.651585
-5.4327345	-2.8246655	10.436782
2.9994862	-2.282961	-5.777341
14.474789	-1.6211953	-3.8716817
12.852617	4.2714424	1.74799
-2.1320333	3.4681933	6.834848
9.0142565	2.334548	7.3825846
-2.1320333	3.4681933	6.834848
-13.948139	-2.3549516	5.4002204
-14.733006	-1.9208184	5.370845
0.5172795	11.178283	0.15746395
3.9249012	-2.716711	-0.3833497
-15.54666	-1.8653699	-3.077658
-2.6089442	-14.505177	-0.222068
-10.281125	1.634143	-3.7705262
-9.912904	1.2154202	-3.2282035
-3.2095675	-2.5512521	11.05354
0.8139025	10.424115	-13.25775
-3.2101817	-2.5494533	11.054617
-3.8976915	-12.062126	-0.9325702
-4.0802455	-2.5945895	11.128683
-4.210148	-9.737319	-2.5496392
-3.6612155	3.354731	7.2113395
-1.5398959	4.694171	8.58329
-3.5017858	3.751363	7.204081
-14.464738	-1.4870138	5.9815216
-3.4569588	-1.8894712	10.351563
-3.3517022	5.8130794	9.233256
-3.2478411	-2.2741015	10.217957
-3.3517022	5.8130794	9.233256
-3.2596178	-1.9525545	10.2154875
13.296801	2.4467676	-0.03546964
0.46808553	11.083337	0.34616336
10.105812	3.6796143	6.3765125
-14.740722	-3.3827085	6.0121694
-13.675449	-2.0122352	5.1115375
-3.12417	-2.683956	10.077679
0.8109248	10.416918	-13.25714
-14.645929	-1.9885962	5.5520062
-5.1995883	2.5718298	10.972296
-2.1320333	3.4681933	6.834848
-1.5331776	-15.721466	0.8846048
-14.029612	-1.5963706	5.3390427
-14.0654955	-1.8983492	5.723457
-14.110077	-2.0866187	4.959653
-14.223002	-1.9649024	5.740932
-14.43918	-2.0139344	5.701249
-14.391337	-2.2953584	5.113833
11.82381	4.4229345	3.6785877
-14.052011	-2.0551295	4.9757805
-1.4801102	-15.665238	0.8652511
-14.4661045	-2.2648954	5.093285
-1.5045135	-15.802039	0.763576
-3.438332	3.4918387	7.270924
1.4187775	5.326703	-13.326004
1.4021634	5.789083	-13.710412
-13.783821	-2.0967426	5.1902895
2.745015	-0.7357653	-9.245493
13.296898	2.4466298	-0.035663236
1.847604	6.0539427	-14.239476
1.1743196	-16.820429	3.525437
1.2907984	6.8051896	-13.599369
-1.834411	-15.841508	1.1173028
1.2907984	6.8051896	-13.599369
-3.245899	5.720083	9.176031
1.2787224	6.080808	-13.674368
-3.3167758	5.857804	9.19824
-14.647396	-1.9886011	5.552012
9.048027	2.3802989	7.3553658
5.267177	-2.5119517	4.670006
10.946321	4.1806936	5.65137
4.9012985	-2.3009682	4.7825565
1.1556698	-16.378855	3.966247
-3.1821318	6.16406	8.799057
-3.2842672	5.8849487	9.224396
3.4690993	-2.7000778	-3.4131432
-13.153858	-0.75259125	1.7849814
1.3883657	5.7876616	-13.722984
1.0100201	-16.594933	3.099373
1.3868492	5.7858963	-13.720788
2.5458934	1.2369354	-11.244156
2.9626873	-1.9094132	-7.01488
2.9620173	-1.9096001	-7.0169487
3.5889077	-2.7516418	-2.6230204
-2.1942735	6.7635784	7.0451374
2.5398786	1.3290584	-11.326148
2.541124	1.3437873	-11.346696
-1.9804856	-2.255572	10.439982
3.0665314	-2.6849573	-4.5687466
-14.5696535	-1.6526605	5.2982693
1.0316998	-16.712585	3.644809
-14.661806	-1.7274127	5.301002
-13.650189	-1.2111751	3.1546364
-2.991785	3.3065863	6.44394
0.9491272	10.543792	-13.518872
-2.8956392	3.9538002	6.275095
1.2565632	10.380394	-13.590423
-1.4946588	-15.8167305	0.74704075
-10.050081	0.7894232	-2.7865431
-3.6313486	4.3338375	6.892529
3.9019203	-2.7225783	-0.5486397
-3.248161	3.4441895	6.281795
-1.9350432	2.7057955	6.9542775
3.3478487	-2.6438925	-4.1348686
-2.579763	-14.500426	-0.24048994
-2.1920364	3.9285388	6.8005314
-0.37348798	10.049486	2.2441425
-3.1506004	-2.8153217	10.813102
1.799637	-16.190638	4.4073052
1.2565632	10.380394	-13.590423
-14.738025	-3.3921342	6.010138
-2.5017517	6.099531	9.691918
-2.229704	3.9894142	6.727229
-4.0110393	-9.528034	-2.0943582
-3.980953	3.9470894	6.869465
-9.65702	3.2707725	-0.7489194
-3.980953	3.9470894	6.869465
3.3081892	-2.384678	-4.6218534
-3.421155	4.004926	7.1172476
0.065910354	10.075521	2.4206285
-3.391915	4.0118194	7.1797886
-4.5083933	4.1042075	7.445377
-2.686716	3.7377882	7.5091214
1.0102164	10.140203	-13.023446
-13.646056	-1.1048677	2.9252396
0.81476665	10.42828	-13.256199
-3.4874425	-2.0983112	9.930244
0.065747865	10.075085	2.4204774
-3.4874425	-2.0983112	9.930244
-1.4623967	-15.806658	0.72564983
-4.274288	-2.1421242	10.250825
-1.4619982	-15.806034	0.72568995
-3.1469033	3.518077	6.2492337
-9.658554	3.2782423	-0.7437649
-4.253408	-2.3578086	10.221788
1.1738925	10.4563465	-13.596978
-3.2404318	-2.957415	10.872829
-0.38643327	10.254124	2.3692684
-14.4099655	-1.5573295	5.362508
2.5537376	1.0196433	-11.010723
-14.148557	-1.52648	5.243343
-9.979339	1.3311225	-3.1952815
-2.2485402	3.372066	6.823745
2.4425805	2.3837116	-12.050623
-14.538308	-2.1501176	5.017742
-2.194105	6.763589	7.045336
4.980401	-2.5699108	4.810347
10.017775	3.6164782	6.40787
-3.4338675	3.5278916	7.24962
-0.60576135	9.363981	3.4495492
5.237124	-2.2802489	4.6246195
1.7246873	-16.63102	3.4051802
-2.1433334	3.513269	6.820705
13.324047	2.3845649	-0.1075842
-1.4707464	3.9373739	7.5117016
-1.4556853	-15.799222	0.72461
-3.1981866	6.2019653	8.819302
-3.3491268	5.799103	9.285624
5.237124	-2.2802489	4.6246195
4.0873218	-2.675312	0.73464704
2.5410893	1.3454645	-11.347554
0.7526359	13.926694	-3.5485811
-2.991785	3.3065863	6.44394
-3.3487244	5.8259587	9.185427
-9.617188	1.1356894	-2.6855829
-4.210903	-9.740041	-2.5564182
-9.617772	1.1347352	-2.6856248
-4.2097726	-9.7385235	-2.5543604
-9.576565	1.0799414	-2.6655722
7.9147825	0.73107195	8.0294
-9.619164	1.1657804	-2.4820032
1.2565632	10.380394	-13.590423
-9.576565	1.0799414	-2.6655722
-9.544004	3.6362088	-0.43362704
-13.16615	-0.995801	2.3665202
-4.316084	3.2966235	7.297357
1.0846719	6.7369885	-13.730527
-15.519852	-1.90991	-2.978224
1.0581856	6.732745	-13.765779
-3.7049625	-12.139028	-1.1776285
1.0540724	6.726372	-13.755337
3.50928	-2.7184763	-3.1315837
1.2450356	6.79664	-13.637839
-16.93744	-4.225726	-3.8949935
1.0697428	6.731798	-13.743486
13.330885	2.3695195	-0.12502767
3.6024337	-2.7539973	-2.5260289
-0.42013335	9.675098	3.002537
-9.61683	1.1359009	-2.6856012
1.2226821	10.068739	-13.140563
5.26843	-2.5084074	4.6672664
9.048027	2.3802984	7.3553658
-2.686716	3.7377882	7.5091214
-1.4920458	-15.807789	0.75078154
-9.337567	1.0497333	-2.6448934
3.3287654	-2.3685713	-4.6209283
-9.322197	1.0126325	-2.6273134
-10.35398	1.7065182	-3.9175284
4.8969245	-2.3132398	4.7894564
3.3205895	-2.3848968	-4.62431
4.958226	-2.5496638	4.8177433
-9.660006	3.28253	-0.74116105
-2.5777617	3.5284512	7.5055866
-4.0110393	-9.528034	-2.0943582
-9.576066	1.0807555	-2.6655214
-13.626351	-1.1945193	3.0965118
-9.50848	1.3657565	-2.9304652
2.442974	2.381371	-12.048839
5.0812387	-2.19092	4.670094
3.4883902	-2.7094455	-3.2419443
5.111247	-2.6176531	4.7565174
-3.8970575	-12.0643215	-0.9318433
5.0812387	-2.19092	4.670094
2.4427278	2.3829434	-12.050542
-9.616959	1.1357684	-2.6856759
0.9612913	10.543874	-13.525836
-9.616959	1.1357684	-2.6856759
-3.8963346	-12.060335	-0.9249195
4.9182487	-2.269288	4.765784
9.048024	2.380292	7.3553667
5.26843	-2.5084074	4.6672664
3.0945861	-2.570587	-4.620049
4.980401	-2.5699108	4.810347
-9.543824	3.63781	-0.4328546
8.88234	2.1604	7.47783
-10.693659	0.8338516	-2.2465088
8.882235	2.1602364	7.4778194
-9.659793	3.2851875	-0.74015576
1.7219827	6.0007954	-14.312569
-0.13871136	10.317291	2.500054
-3.3724105	-2.4485927	9.953902
-0.13871136	10.317291	2.500054
-3.1625986	3.979824	6.2926736
-0.13871136	10.317291	2.500054
-3.1622322	3.9809163	6.292699
-6.667409	2.8221526	11.441362
-2.8956392	3.9538002	6.275095
-3.5706797	-13.595483	-0.970322
-2.1838968	3.9889874	6.7170906
-13.241322	-0.86442554	2.112779
-3.51385	3.882255	7.2288713
-3.1732981	-2.2101922	10.188106
-14.1064005	-1.9360447	5.7636967
1.8522376	6.0560184	-14.23739
2.430953	2.4360745	-12.071207
-0.7323484	-16.906853	1.232899
2.4367533	2.407786	-12.063393
-0.39910626	-16.928577	1.5979162
-3.9755085	-4.626668	11.816327
0.36495358	-16.530222	2.6256363
2.4217374	2.5186465	-12.131007
-3.9754534	-4.6268377	11.81668
2.3581755	-16.260904	3.9015746
1.3133985	13.477025	-0.4458993
3.5830882	-2.9542923	-4.562765
-3.9748356	-4.623547	11.812642
-4.2990828	-2.0809627	10.242179
-0.3866258	10.253979	2.3690999
-2.1941898	6.763577	7.0453887
1.7246755	-16.631268	3.40527
-3.1981812	6.214837	8.812496
9.048024	2.3802924	7.355367
-2.8984802	4.117459	6.285839
-13.990571	3.7520409	-2.1251426
10.609099	-9.243441	0.8890487
1.5514761	13.349646	-1.7832134
9.957424	6.817652	7.4147177
-15.853185	-4.1149	-3.098088
15.440833	1.3972892	-2.0471358
15.716269	-2.0119023	-4.441906
-3.3089318	-14.614895	0.0037566011
-13.025976	5.9896307	-2.2700212
-13.990571	3.7520409	-2.1251426
-3.3092604	-14.615168	0.004281253
-3.3092604	-14.615168	0.004281253
-12.228775	8.414698	-4.076337
-16.143291	-1.2684824	-3.4180484
14.830511	-7.7160006	-6.145545
1.8452754	13.450882	-1.9985206
-13.224623	6.4940925	-1.3087628
-11.249853	7.733781	-2.0039415
-13.51328	2.6859055	-1.9709246
9.68901	-9.827099	1.6740991
9.314014	-10.703908	2.0988529
-10.610386	9.236079	-3.8441343
-0.27055195	-12.757015	4.184095
-12.552012	6.750241	-1.8434153
-13.941211	-0.39409214	1.5352082
9.957424	6.817652	7.4147177
-10.8047695	8.216593	-2.7447214
1.4042817	13.259957	-1.5474468
15.182048	-0.013918438	-3.2453966
-16.457996	-3.6341946	-3.2663178
0.89459276	13.607111	-1.6236033
-12.413921	7.962314	-4.223622
-0.27055457	-12.75701	4.1840944
-0.42642626	-12.506309	4.160726
-11.596512	6.9869432	-4.2899127
14.749424	5.267699	0.10851613
-12.684602	3.636943	-1.6534078
-12.684595	3.6368842	-1.65341
14.830511	-7.7160006	-6.145545
8.535958	-10.954455	1.4031302
10.609099	-9.243441	0.8890487
10.805367	8.023214	6.263082
15.192415	-5.385416	-5.309826
10.828258	8.659701	5.7782288
10.828258	8.659701	5.7782288
14.67318	2.177151	-2.1922174
-16.186728	-1.2046535	-3.4898596
-10.368302	8.111679	-2.677984
15.948526	-2.3088365	-4.2973566
15.150549	-6.364491	-5.793862
-13.809035	6.473706	-1.2870944
-3.332575	6.460799	9.1679535
15.774977	-2.2085528	-3.9172966
15.192411	-5.385216	-5.3098397
14.830511	-7.7160006	-6.145545
15.230572	-6.982717	-6.5901175
15.691641	-9.166438	-7.25785
-13.513538	2.6862328	-1.970202
-16.14378	-1.2575544	-3.4161587
-13.513634	2.686186	-1.9702244
-3.373523	6.4188824	9.172675
-0.27055344	-12.757013	4.184095
0.49810115	11.549588	-2.3511698
-3.3089707	-14.615034	0.003856353
-0.27055463	-12.757011	4.1840944
-10.404331	7.490883	-2.2785382
-11.032092	7.7153234	-2.5359983
-11.483685	5.7833734	-0.9286882
11.666926	-10.243875	0.58427596
-11.42295	5.7342033	-0.8952133
-10.350042	8.787865	-3.2614887
15.23053	-7.4296346	-5.8598595
0.22731902	-13.45663	4.265877
9.957441	6.8176813	7.414691
-16.13666	-1.3226345	-3.4320667
10.548718	-9.983168	1.1574299
11.271507	8.333986	5.255811
0.058103427	11.936728	-3.1539793
10.548718	-9.983168	1.1574299
15.53781	-7.2991586	-6.102453
-11.031987	7.7156663	-2.5360384
-12.787552	2.298772	-0.58623135
-11.032004	7.7156024	-2.5360184
-11.032072	7.7154856	-2.5357704
-12.615862	9.327584	-4.617994
9.688991	-9.827073	1.6740799
0.058103427	11.936728	-3.1539793
11.271507	8.333986	5.255811
9.957421	6.8176546	7.414721
15.489936	-7.4446573	-6.6480055
10.548718	-9.983168	1.1574299
15.907824	-2.0920703	-4.0992374
-10.686345	8.376092	-3.3301482
-0.047932606	12.035347	-2.8743725
-10.804707	8.21636	-2.7448807
1.067214	13.711439	-1.7604051
-13.450665	4.5494695	-1.8116287
11.304542	8.050268	5.6451626
-13.132384	4.8809648	-2.4001782
10.176653	-9.976412	0.22386979
-16.577631	-3.544896	-3.2664633
-14.416004	-3.7042377	-2.646513
15.145841	-5.6208143	-5.4118094
15.407384	-2.2480938	-4.352548
15.192416	-5.38542	-5.309826
-12.684601	3.6369438	-1.6534116
15.352576	1.8969754	-1.7083538
3.817644	-2.9709437	-0.34863284
11.658511	8.496295	5.624745
7.8908253	-11.89184	0.037286907
-10.804756	8.216025	-2.7448678
-12.462501	8.845776	-4.4393883
-14.843133	0.1163142	-1.8910131
15.529882	-2.331144	-3.9588888
9.688991	-9.827073	1.6740799
-10.80478	8.216109	-2.7448072
9.688991	-9.827073	1.6740799
0.058103427	11.936728	-3.1539793
15.308144	3.5140662	-1.545524
-12.862916	7.3972187	-2.3703263
11.198901	8.692233	6.067036
1.1523954	-16.386728	3.975456
7.9179254	-11.872571	-0.12844226
15.482308	-7.44265	-6.656375
15.529882	-2.331144	-3.9588888
-0.7048214	12.08462	-2.4743528
15.440833	1.3972892	-2.0471358
15.057356	-6.751769	-5.821992
-12.203351	8.064373	-4.2698803
-0.20013545	-12.860512	4.195835
14.793435	1.6026824	-1.8476404
8.784735	-10.35464	0.056125827
14.963661	2.3454456	-2.5694952
11.198901	8.692233	6.067036
-12.992365	4.2123528	-1.2082082
14.793435	1.6026824	-1.8476404
2.8543098	12.588499	-4.160676
8.644197	-10.967474	-0.85209835
2.8306763	1.0011835	-12.234996
15.352576	1.8969754	-1.7083538
8.784736	-10.354643	0.05612663
-16.213581	-1.1735358	-3.4840949
-15.84792	-4.116414	-3.0995944
15.046448	-8.611982	-6.989504
14.688661	5.3563704	0.2295794
9.957424	6.817652	7.4147177
9.957421	6.8176546	7.414721
11.323346	8.9244585	5.6641173
-13.110755	5.4373565	-1.5668315
15.9111395	-2.1275601	-4.0972366
15.3019705	-6.662616	-5.9712353
-13.110755	5.4373565	-1.5668315
-0.27056485	-12.756997	4.1840925
7.0102506	1.8055888	8.526262
11.078931	8.795904	5.3971815
-16.134575	-1.3079909	-3.4301221
11.658511	8.496295	5.624745
11.658511	8.496295	5.624745
-12.699778	6.361445	-1.4126233
-11.645375	6.842703	-4.2448826
15.9111395	-2.1275601	-4.0972366
0.5314444	11.32114	-2.6990898
-3.3496532	-8.942178	-3.2385955
11.434067	8.463566	6.072455
15.19242	-5.3851933	-5.3098316
-14.419416	-3.7075067	-2.6415472
14.991871	-7.3513083	-6.816391
-16.63609	-3.5470905	-3.192579
14.991871	-7.3513083	-6.816391
-15.773614	-1.6095877	-2.5664334
-10.724238	7.699812	-1.8488374
15.308126	3.5140877	-1.5454922
-0.33730903	11.757045	-2.743395
0.53736496	11.051124	-3.3241737
15.556001	-7.5437574	-6.4717054
14.962193	2.3440692	-2.5722609
14.688662	5.3563676	0.22957736
10.657842	-12.644168	1.0475696
10.805349	8.023203	6.2630973
10.306685	4.4647665	6.327285
-13.947003	-0.15174976	1.0136349
14.636653	-7.303835	-6.4605165
-0.27055174	-12.757016	4.1840944
8.671783	-11.06685	0.4978837
-16.179281	-1.2099551	-3.478953
9.741482	6.5121818	7.66999
15.551434	-2.3292108	-3.9477522
-14.507659	-3.7528229	-2.4667134
-13.056631	2.9030657	-1.7676166
4.345053	-2.5495944	2.4780877
10.283932	-9.496221	0.15223059
-13.110755	5.4373565	-1.5668315
4.346203	-2.549779	2.4791427
-12.594408	5.8278112	-0.8502935
15.30811	3.5141165	-1.5454843
14.689707	5.356216	0.22824878
0.6592397	11.139556	-3.4027162
-14.207131	3.3371	-1.8283645
-12.801517	2.6535144	-1.8783991
-13.513655	2.6861746	-1.9701467
-11.444441	6.0565395	-3.7286742
-0.19982825	-12.860968	4.195885
-11.895105	-2.1417267	-1.6898364
9.957439	6.8176765	7.414692
14.849965	5.103425	-0.102412924
15.192401	-5.385475	-5.309852
-16.12696	-1.2894268	-3.4261072
15.443933	-7.7183757	-6.174706
7.470277	1.3751551	8.265149
14.93788	1.341509	-2.0953822
-15.836543	-4.119576	-3.1208384
10.55448	-10.048395	1.1539836
-11.489674	5.923882	-3.6965716
10.548718	-9.983168	1.1574299
-14.092127	-0.8816025	2.7221022
10.55448	-10.048395	1.1539836
10.55448	-10.048395	1.1539836
14.541396	1.8874292	-2.4206135
10.548718	-9.983168	1.1574299
10.805325	8.023188	6.2631207
-16.134575	-1.3079909	-3.4301221
-12.552039	6.7502723	-1.8434688
-13.450666	4.5494285	-1.8115531
15.684856	-2.0076032	-4.4488645
-11.978193	7.7495055	-2.222388
-12.228775	8.414698	-4.076337
0.0914606	11.3654375	-2.2672014
-13.450687	4.5494437	-1.8115273
15.071664	4.700379	-0.5901764
-14.144125	-0.87141186	2.7497914
8.784735	-10.354641	0.056126136
0.6964463	-14.121695	4.3269362
8.395705	-10.511126	-0.20838143
15.132391	-6.4062014	-5.8249464
-13.450717	4.5495133	-1.8115664
15.414568	-2.2421367	-4.3682275
15.429056	-7.7440395	-6.1800046
-13.989004	-0.12717982	0.9622416
-13.94696	-0.15164192	1.0137049
14.803368	2.08901	-1.9092002
-12.019445	8.015247	-2.9682972
-11.895601	-2.142653	-1.690381
2.85431	12.588499	-4.1606755
8.784735	-10.354642	0.056126464
8.784736	-10.354643	0.05612643
15.529882	-2.331144	-3.9588888
-11.70932	8.295458	-2.2398434
-14.109197	-0.31109875	1.3657026
-10.80478	8.216109	-2.7448072
-0.30403292	11.895716	-2.4712884
0.5314444	11.32114	-2.6990898
-13.947002	-0.15174876	1.0136355
15.639905	2.0207791	-2.40776
11.323114	8.92462	5.663491
8.706822	-10.928738	1.2492925
15.440833	1.3972892	-2.0471358
15.639905	2.0207791	-2.40776
14.67107	2.1663098	-2.1705437
-13.513407	2.6859396	-1.9706007
-13.925528	4.169494	-1.3567697
-11.72218	7.8957357	-2.752788
0.5314444	11.32114	-2.6990898
10.657848	-12.644159	1.047577
-12.304257	8.359045	-3.8206558
-13.983551	-0.36680815	1.4894948
-14.207131	3.3371139	-1.8284352
9.284581	-11.213099	0.28540146
-13.983404	2.9280343	-1.7762988
-13.92989	4.851147	-1.8469946
10.55448	-10.048395	1.1539836
15.639905	2.0207791	-2.40776
-13.941211	-0.39409214	1.5352082
-14.247896	3.8694353	-2.2600849
10.55448	-10.048395	1.1539836
-0.29096803	11.576871	-3.0076704
-10.561166	8.744236	-3.2984605
1.2689009	10.774551	-2.8493392
8.671785	-11.066853	0.49788448
0.5314444	11.32114	-2.6990898
15.163011	1.7348394	-2.8489473
-12.508948	7.7588334	-2.39347
15.420996	-2.2548053	-4.3655252
-13.3312235	1.5062591	-1.7963638
-13.132297	4.8809	-2.4001553
-12.2069645	8.651155	-4.338466
-14.504934	-3.750392	-2.4719245
-13.983551	-0.36680815	1.4894948
-12.477459	8.084976	-3.270492
4.3450336	-2.5495884	2.4781077
15.722323	-2.0108511	-4.4402156
15.047729	4.7463603	-0.5364841
-0.33730903	11.757045	-2.743395
15.182044	-0.013956795	-3.2454095
-14.116385	-0.8791674	2.744834
14.960882	-6.693488	-5.932198
-3.3089707	-14.615034	0.003856353
15.192419	-5.385194	-5.309833
15.5515585	-2.074159	-4.46906
10.657846	-12.644165	1.0475739
-13.450687	4.549479	-1.8115925
0.48671007	13.728438	-1.5161425
14.757055	1.8096615	-2.7548728
-13.3823595	4.5447235	-1.3378094
-15.7869835	-1.6177541	-2.672587
-15.772974	-1.5969353	-2.7058704
15.283409	-1.4261986	-3.8650253
15.182252	-0.013465087	-3.2451215
15.294482	0.8718087	-2.853358
15.071958	4.7027025	-0.5891403
-14.879837	-0.29631007	-1.4112773
10.826848	8.350163	5.5368147
1.6902962	10.58258	-2.5383186
0.5314444	11.32114	-2.6990898
0.9287505	10.210313	-13.006665
9.741481	6.512175	7.6699886
11.484619	8.283524	5.98029
14.953385	-7.9447737	-6.769921
-0.29096842	11.576871	-3.0076685
15.639905	2.0207791	-2.40776
8.671783	-11.06685	0.4978837
15.639905	2.0207791	-2.40776
14.651554	-7.4564247	-6.5568857
-16.195162	-1.2073351	-3.4852505
8.671777	-11.066842	0.49788156
14.850007	5.1034045	-0.10247357
3.5035846	-2.3508008	3.0510063
14.830511	-7.7160006	-6.145545
15.30811	3.5141163	-1.5454843
7.956679	-11.819453	0.14712109
-10.986267	7.00817	-1.9966277
1.1321366	13.709669	-1.8010385
-13.89132	-0.5218275	1.8002722
1.4042817	13.259957	-1.5474468
1.293838	13.293793	-1.4275833
9.823238	-11.190209	0.6593086
-10.561244	8.744512	-3.2983267
-13.056657	2.9030964	-1.767534
15.163833	1.7341558	-2.8486764
0.9940232	13.622618	-1.6396675
15.283029	-1.4263	-3.8653436
-13.513688	2.686153	-1.9700234
15.308142	3.5140665	-1.5455222
9.329241	-10.609459	1.8275461
0.058103427	11.936728	-3.1539793
-3.5897238	-9.11424	-2.7353086
-12.220593	9.08385	-4.545131
-12.365519	8.756358	-4.441099
1.1321361	13.709667	-1.8010422
14.71167	5.2951593	0.16888823
14.991871	-7.3513083	-6.816391
1.1321361	13.709667	-1.8010422
-14.507659	-3.7528229	-2.4667134
1.6151304	13.345605	-1.8472539
8.67179	-11.066857	0.49788606
14.710958	5.297096	0.17101572
10.306586	4.464572	6.3272524
0.87041366	11.622797	-3.0388567
14.695488	1.5150235	-2.4011075
14.695488	1.5150235	-2.4011075
-13.450502	4.549345	-1.8116304
15.047703	4.746248	-0.53651464
0.0914606	11.3654375	-2.2672014
-13.983551	-0.36680815	1.4894948
9.45606	-10.382797	-0.112745725
9.689039	-9.827141	1.6741284
10.909316	8.237367	5.4964037
-13.963833	-0.37386167	1.4917132
-16.143291	-1.2684824	-3.4180484
15.007763	2.1742618	-2.7984347
9.741484	6.512183	7.669989
15.128598	-6.266706	-5.751872
0.6592397	11.139556	-3.4027162
15.006464	-8.531862	-6.95556
15.190833	1.945826	-1.712061
10.176661	-9.976421	0.22386904
1.5514761	13.349646	-1.7832134
15.774368	-9.220314	-7.2872567
10.657849	-12.644147	1.047576
1.5514761	13.349646	-1.7832134
-12.983722	2.083927	-1.4851122
0.7723487	11.598963	-2.883515
15.192412	-5.3852215	-5.30984
11.716402	8.806413	4.9694166
11.304542	8.050268	5.6451626
9.329241	-10.609459	1.8275461
-13.94696	-0.15164192	1.0137049
1.5514761	13.349646	-1.7832134
15.774368	-9.220314	-7.2872567
10.657842	-12.64415	1.0475763
14.9812765	-6.634449	-6.0485992
15.639905	2.0207791	-2.40776
9.957427	6.8177433	7.4147463
-13.988936	-0.12703961	0.96235263
9.689053	-9.827161	1.6741418
11.058724	8.679414	5.3133855
15.774367	-9.220314	-7.2872567
0.9646385	11.637615	-3.1115863
-13.633063	6.6932054	-1.2550436
